{
  "0": [
    0.5,
    2.5
  ],
  "1": [
    1.0,
    2.5
  ],
  "2": [
    2.5,
    0.0
  ],
  "3": [
    2.4200000000000004,
    1.4
  ],
  "4": [
    1.4,
    1.4
  ],
  "5": [
    0.9,
    1.5
  ],
  "6": [
    0.5,
    0.0
  ],
  "7": [
    2.1,
    2.1
  ],
  "8": [
    1.0,
    3.0
  ],
  "9": [
    -0.2,
    1.0
  ],
  "10": [
    2.1,
    2.1
  ],
  "11": [
    2.3200000000000003,
    1.6
  ],
  "12": [
    0.4,
    2.2
  ],
  "13": [
    1.6,
    2.2
  ],
  "14": [
    2.1,
    -0.1
  ],
  "15": [
    1.8,
    1.8
  ],
  "16": [
    0.8,
    1.2
  ],
  "17": [
    0.0,
    2.5
  ],
  "18": [
    3.0,
    3.0
  ],
  "19": [
    1.9,
    0.1
  ],
  "20": [
    2.4118,
    0.58
  ],
  "21": [
    0.0,
    1.0
  ],
  "22": [
    2.4901999999999997,
    0.8599999999999999
  ],
  "23": [
    -0.5,
    3.0
  ],
  "24": [
    1.0,
    -0.2
  ],
  "25": [
    1.2,
    0.8
  ],
  "26": [
    2.501,
    1.0
  ],
  "27": [
    2.0,
    2.0
  ],
  "28": [
    2.2,
    2.0
  ],
  "29": [
    1.0,
    1.0
  ],
  "30": [
    2.5,
    1.0
  ],
  "31": [
    1.5,
    0.2
  ],
  "32": [
    2.2,
    1.2
  ],
  "33": [
    1.0,
    1.8
  ],
  "34": [
    -0.1,
    2.1
  ],
  "35": [
    0.2,
    0.2
  ],
  "36": [
    1.5,
    -0.8
  ],
  "37": [
    0.3,
    1.7
  ],
  "38": [
    -0.5,
    2.5
  ],
  "39": [
    1.9510565162951536,
    2.3090169943749475
  ],
  "40": [
    0.1,
    1.9
  ],
  "41": [
    0.0,
    1.8
  ],
  "42": [
    2.2,
    1.0
  ],
  "43": [
    2.1,
    1.5
  ],
  "44": [
    0.04894348370484647,
    2.3090169943749475
  ],
  "45": [
    -0.5,
    1.0
  ],
  "46": [
    1.8,
    1.0
  ],
  "47": [
    0.2,
    1.0
  ],
  "48": [
    2.42,
    0.6
  ],
  "49": [
    0.5,
    0.5
  ],
  "50": [
    -0.8,
    1.5
  ],
  "51": [
    0.5,
    1.8
  ],
  "52": [
    1.0,
    0.0
  ],
  "53": [
    1.1,
    0.5
  ],
  "54": [
    0.6909830056250527,
    2.9510565162951536
  ],
  "55": [
    2.1,
    0.5
  ],
  "56": [
    2.2,
    0.8
  ],
  "57": [
    3.0,
    1.0
  ],
  "58": [
    0.0,
    1.5
  ],
  "59": [
    1.0,
    0.2
  ],
  "60": [
    0.0,
    0.0
  ],
  "61": [
    2.18,
    0.2
  ],
  "62": [
    2.3200000000000003,
    0.4000000000000001
  ],
  "63": [
    1.0,
    -0.5
  ],
  "64": [
    2.001,
    -0.001
  ],
  "65": [
    0.0,
    0.2
  ],
  "66": [
    2.6,
    1.0
  ],
  "67": [
    1.5,
    2.5
  ],
  "68": [
    -0.5,
    0.0
  ],
  "69": [
    0.0,
    0.5
  ],
  "70": [
    0.2,
    0.0
  ],
  "71": [
    3.0,
    -0.5
  ],
  "72": [
    2.3,
    1.0
  ],
  "73": [
    0.5,
    -1.0
  ],
  "74": [
    1.7,
    0.3
  ],
  "75": [
    0.0,
    -0.5
  ],
  "76": [
    2.0,
    0.0
  ],
  "77": [
    -0.1,
    -0.1
  ],
  "78": [
    1.0,
    3.001
  ],
  "79": [
    1.0,
    3.1
  ],
  "80": [
    0.6,
    0.6
  ],
  "81": [
    2.3432,
    0.43999999999999995
  ],
  "82": [
    0.0,
    2.0
  ],
  "83": [
    2.0,
    2.2
  ],
  "84": [
    1.5,
    3.2
  ],
  "85": [
    1.8,
    0.0
  ],
  "86": [
    1.0,
    2.2
  ],
  "87": [
    -0.5,
    -0.5
  ],
  "88": [
    2.18,
    1.8
  ],
  "89": [
    1.0,
    3.5
  ],
  "90": [
    2.5,
    2.5
  ],
  "91": [
    1.7071067811865475,
    2.7071067811865475
  ],
  "92": [
    0.29289321881345254,
    2.7071067811865475
  ],
  "93": [
    2.255,
    0.3
  ],
  "94": [
    2.4608,
    0.72
  ],
  "95": [
    1.5,
    1.5
  ],
  "96": [
    -1.0,
    0.5
  ],
  "97": [
    1.5,
    0.0
  ],
  "98": [
    1.3090169943749475,
    2.9510565162951536
  ],
  "99": [
    -0.001,
    -0.001
  ]
}
